game_no,player_no,round_no,primal_type,kicker_type,kicker_len,combo_str,current_str,up_str,down_str
1,1,1,4,0,0,556677,33456679TTTTJJQ2S,478JQQKKAAA22B,33445888999JQKKA2
1,2,1,7,0,0,T,33445888999JQKKA2,33456679TTTJJQ2S,478JQQKKAAA22B
1,3,1,0,0,0,,478JQQKKAAA22B,33445888999JQKKA2,33456679TTTJJQ2S
1,1,2,0,0,0,,33456679TTTJJQ2S,478JQQKKAAA22B,33445888999JQKKA2
1,2,2,1,0,0,3,33445888999JQKKA2,3456679TTTJJQ2S,478JQQKKAAA22B
1,3,2,1,0,0,2,478JQQKKAAA22B,33445888999JQKKA,3456679TTTJJQ2S
1,1,3,1,0,0,B,3456679TTTJJQ2S,478JQQKKAAA22,33445888999JQKKA
1,2,3,0,0,0,,33445888999JQKKA,3456679TTTJJQ2S,478JQQKKAAA22
1,3,3,0,0,0,,478JQQKKAAA22,33445888999JQKKA,3456679TTTJJQ2S
1,1,4,1,0,0,4,3456679TTTJJQ2S,78JQQKKAAA22,33445888999JQKKA
1,2,4,1,0,0,5,33445888999JQKKA,346679TTTJJQ2S,78JQQKKAAA22
1,3,4,1,0,0,8,78JQQKKAAA22,3344588999JQKKA,346679TTTJJQ2S
1,1,5,1,0,0,J,346679TTTJJQ2S,78QQKKAAA22,3344588999JQKKA
1,2,5,1,0,0,Q,3344588999JQKKA,346679TTTJJ2S,78QQKKAAA22
1,3,5,1,0,0,K,78QQKKAAA22,3344588999JQKA,346679TTTJJ2S
1,1,6,1,0,0,2,346679TTTJJ2S,78QQKKAAA2,3344588999JQKA
1,2,6,1,0,0,S,3344588999JQKA,346679TTTJJ2,78QQKKAAA2
1,3,6,0,0,0,,78QQKKAAA2,3344588999JQKA,346679TTTJJ2
1,1,7,0,0,0,,346679TTTJJ2,78QQKKAAA2,3344588999JQKA
1,2,7,1,0,0,3,3344588999JQKA,46679TTTJJ2,78QQKKAAA2
1,3,7,1,0,0,A,78QQKKAAA2,3344588999JQK,46679TTTJJ2
1,1,8,1,0,0,2,46679TTTJJ2,78QQKKAAA,3344588999JQK
1,2,8,0,0,0,,3344588999JQK,46679TTTJJ2,78QQKKAAA
1,3,8,0,0,0,,78QQKKAAA,3344588999JQK,46679TTTJJ2
1,1,9,1,0,0,7,46679TTTJJ2,8QQKKAAA,3344588999JQK
1,2,9,1,0,0,9,3344588999JQK,4667TTTJJ2,8QQKKAAA
1,3,9,1,0,0,K,8QQKKAAA,3344588999JQ,4667TTTJJ2
1,1,10,1,0,0,A,4667TTTJJ2,8QQKKAA,3344588999JQ
1,2,10,1,0,0,2,3344588999JQ,4667TTTJJ,8QQKKAA
1,3,10,0,0,0,,8QQKKAA,3344588999JQ,4667TTTJJ
1,1,11,0,0,0,,4667TTTJJ,8QQKKAA,3344588999JQ
1,2,11,1,0,0,4,3344588999JQ,667TTTJJ,8QQKKAA
1,3,11,1,0,0,8,8QQKKAA,334458999JQ,667TTTJJ
1,1,12,1,0,0,Q,667TTTJJ,8QKKAA,334458999JQ
1,2,12,0,0,0,,334458999JQ,667TTTJJ,8QKKAA
1,3,12,0,0,0,,8QKKAA,334458999JQ,667TTTJJ
1,1,13,1,0,0,8,667TTTJJ,QKKAA,334458999JQ
1,2,13,1,0,0,T,334458999JQ,667TTJJ,QKKAA
1,3,13,1,0,0,Q,QKKAA,334458999J,667TTJJ
1,1,14,1,0,0,K,667TTJJ,QKAA,334458999J
1,2,14,0,0,0,,334458999J,667TTJJ,QKAA
1,3,14,0,0,0,,QKAA,334458999J,667TTJJ
1,1,15,1,0,0,Q,667TTJJ,KAA,334458999J
1,2,15,0,0,0,,334458999J,667TTJJ,KAA
1,3,15,0,0,0,,KAA,334458999J,667TTJJ
1,1,16,1,0,0,K,667TTJJ,AA,334458999J
2,1,1,9,2,1,33JJJ,345566689TJQQKA2B,478899KKAAA222S,34455677789TTTQQK
2,2,1,0,0,0,,34455677789TTTQQK,345566689TJQQKA2B,478899KKAAA222S
2,3,1,0,0,0,,478899KKAAA222S,34455677789TTTQQK,345566689TJQQKA2B
2,1,2,3,0,0,88,345566689TJQQKA2B,4799KKAAA222S,34455677789TTTQQK
2,2,2,3,0,0,QQ,34455677789TTTQQK,345566689TJKA2B,4799KKAAA222S
2,3,2,0,0,0,,4799KKAAA222S,34455677789TTTQQK,345566689TJKA2B
2,1,3,3,0,0,KK,345566689TJKA2B,4799AAA222S,34455677789TTTQQK
2,2,3,0,0,0,,34455677789TTTQQK,345566689TJKA2B,4799AAA222S
2,3,3,0,0,0,,4799AAA222S,34455677789TTTQQK,345566689TJKA2B
2,1,4,3,0,0,99,345566689TJKA2B,47AAA222S,34455677789TTTQQK
2,2,4,0,0,0,,34455677789TTTQQK,345566689TJKA2B,47AAA222S
2,3,4,3,0,0,TT,47AAA222S,34455677789TQQK,345566689TJKA2B
2,1,5,3,0,0,AA,345566689TJKA2B,47A222S,34455677789TQQK
2,2,5,0,0,0,,34455677789TQQK,345566689TJKA2B,47A222S
2,3,5,0,0,0,,47A222S,34455677789TQQK,345566689TJKA2B
2,1,6,1,0,0,4,345566689TJKA2B,7A222S,34455677789TQQK
2,2,6,1,0,0,2,34455677789TQQK,345566689TJKAB,7A222S
2,3,6,0,0,0,,7A222S,34455677789TQQK,345566689TJKAB
2,1,7,1,0,0,S,345566689TJKAB,7A222,34455677789TQQK
2,2,7,1,0,0,B,34455677789TQQK,345566689TJKA,7A222
2,3,7,0,0,0,,7A222,34455677789TQQK,345566689TJKA
2,1,8,0,0,0,,345566689TJKA,7A222,34455677789TQQK
2,2,8,3,0,0,55,34455677789TQQK,3466689TJKA,7A222
2,3,8,3,0,0,77,7A222,344556789TQQK,3466689TJKA
2,1,9,3,0,0,22,3466689TJKA,7A2,344556789TQQK
2,2,9,0,0,0,,344556789TQQK,3466689TJKA,7A2
2,3,9,0,0,0,,7A2,344556789TQQK,3466689TJKA
2,1,10,1,0,0,7,3466689TJKA,A2,344556789TQQK
2,2,10,1,0,0,A,344556789TQQK,3466689TJK,A2
2,3,10,0,0,0,,A2,344556789TQQK,3466689TJK
2,1,11,1,0,0,2,3466689TJK,A,344556789TQQK
3,1,1,4,0,0,334455,446677899TJQQQKAB,689TJJKKAA2222,3355677889TTJQKAS
3,2,1,0,0,0,,3355677889TTJQKAS,446677899TJQQQKAB,689TJJKKAA2222
3,3,1,0,0,0,,689TJJKKAA2222,3355677889TTJQKAS,446677899TJQQQKAB
3,1,2,1,0,0,A,446677899TJQQQKAB,689TJJKKA2222,3355677889TTJQKAS
3,2,2,1,0,0,B,3355677889TTJQKAS,446677899TJQQQKA,689TJJKKA2222
3,3,2,0,0,0,,689TJJKKA2222,3355677889TTJQKAS,446677899TJQQQKA
3,1,3,7,0,0,2,446677899TJQQQKA,689TJJKKA222,3355677889TTJQKAS
3,2,3,0,0,0,,3355677889TTJQKAS,446677899TJQQQKA,689TJJKKA222
3,3,3,0,0,0,,689TJJKKA222,3355677889TTJQKAS,446677899TJQQQKA
3,1,4,1,0,0,K,446677899TJQQQKA,689TJJKA222,3355677889TTJQKAS
3,2,4,1,0,0,A,3355677889TTJQKAS,446677899TJQQQK,689TJJKA222
3,3,4,1,0,0,S,689TJJKA222,3355677889TTJQKA,446677899TJQQQK
3,1,5,0,0,0,,446677899TJQQQK,689TJJKA222,3355677889TTJQKA
3,2,5,0,0,0,,3355677889TTJQKA,446677899TJQQQK,689TJJKA222
3,3,5,2,0,0,56789,689TJJKA222,33578TTJQKA,446677899TJQQQK
3,1,6,0,0,0,,446677899TJQQQK,689TJJKA222,33578TTJQKA
3,2,6,2,0,0,6789T,33578TTJQKA,44679JQQQK,689TJJKA222
3,3,6,2,0,0,TJQKA,689TJJKA222,33578T,44679JQQQK
3,1,7,0,0,0,,44679JQQQK,689TJJKA222,33578T
3,2,7,0,0,0,,33578T,44679JQQQK,689TJJKA222
3,3,7,3,0,0,33,689TJJKA222,578T,44679JQQQK
3,1,8,3,0,0,JJ,44679JQQQK,689TKA222,578T
3,2,8,3,0,0,QQ,578T,44679JQK,689TKA222
3,3,8,0,0,0,,689TKA222,578T,44679JQK
3,1,9,3,0,0,22,44679JQK,689TKA2,578T
3,2,9,0,0,0,,578T,44679JQK,689TKA2
3,3,9,0,0,0,,689TKA2,578T,44679JQK
3,1,10,1,0,0,6,44679JQK,89TKA2,578T
3,2,10,1,0,0,K,578T,44679JQ,89TKA2
3,3,10,0,0,0,,89TKA2,578T,44679JQ
3,1,11,1,0,0,A,44679JQ,89TK2,578T
3,2,11,0,0,0,,578T,44679JQ,89TK2
3,3,11,0,0,0,,89TK2,578T,44679JQ
3,1,12,1,0,0,8,44679JQ,9TK2,578T
3,2,12,1,0,0,J,578T,44679Q,9TK2
3,3,12,0,0,0,,9TK2,578T,44679Q
3,1,13,1,0,0,K,44679Q,9T2,578T
3,2,13,0,0,0,,578T,44679Q,9T2
3,3,13,0,0,0,,9T2,578T,44679Q
3,1,14,1,0,0,9,44679Q,T2,578T
3,2,14,1,0,0,Q,578T,44679,T2
3,3,14,0,0,0,,T2,578T,44679
3,1,15,1,0,0,2,44679,T,578T
4,1,1,9,2,1,44999,335567888TTQKKKA2,5668TJJJJQKA22B,3344567779TQQAA2S
4,2,1,9,2,1,33KKK,3344567779TQQAA2S,5567888TTQA2,5668TJJJJQKA22B
4,3,1,0,0,0,,5668TJJJJQKA22B,3344567779TQQAA2S,5567888TTQA2
4,1,2,7,0,0,J,5567888TTQA2,5668TJJJQKA22B,3344567779TQQAA2S
4,2,2,0,0,0,,3344567779TQQAA2S,5567888TTQA2,5668TJJJQKA22B
4,3,2,0,0,0,,5668TJJJQKA22B,3344567779TQQAA2S,5567888TTQA2
4,1,3,9,2,1,66JJJ,5567888TTQA2,58TQKA22B,3344567779TQQAA2S
4,2,3,0,0,0,,3344567779TQQAA2S,5567888TTQA2,58TQKA22B
4,3,3,0,0,0,,58TQKA22B,3344567779TQQAA2S,5567888TTQA2
4,1,4,1,0,0,5,5567888TTQA2,8TQKA22B,3344567779TQQAA2S
4,2,4,1,0,0,6,3344567779TQQAA2S,557888TTQA2,8TQKA22B
4,3,4,1,0,0,2,8TQKA22B,3344567779TQQAAS,557888TTQA2
4,1,5,1,0,0,B,557888TTQA2,8TQKA22,3344567779TQQAAS
4,2,5,0,0,0,,3344567779TQQAAS,557888TTQA2,8TQKA22
4,3,5,0,0,0,,8TQKA22,3344567779TQQAAS,557888TTQA2
4,1,6,1,0,0,8,557888TTQA2,TQKA22,3344567779TQQAAS
4,2,6,1,0,0,T,3344567779TQQAAS,557888TQA2,TQKA22
4,3,6,1,0,0,A,TQKA22,3344567779TQQAS,557888TQA2
4,1,7,1,0,0,2,557888TQA2,TQKA2,3344567779TQQAS
4,2,7,0,0,0,,3344567779TQQAS,557888TQA2,TQKA2
4,3,7,1,0,0,S,TQKA2,3344567779TQQA,557888TQA2
4,1,8,0,0,0,,557888TQA2,TQKA2,3344567779TQQA
4,2,8,0,0,0,,3344567779TQQA,557888TQA2,TQKA2
4,3,8,9,2,1,33777,TQKA2,44569TQQA,557888TQA2
4,1,9,0,0,0,,557888TQA2,TQKA2,44569TQQA
4,2,9,9,2,1,55888,44569TQQA,7TQA2,TQKA2
4,3,9,0,0,0,,TQKA2,44569TQQA,7TQA2
4,1,10,0,0,0,,7TQA2,TQKA2,44569TQQA
4,2,10,1,0,0,7,44569TQQA,TQA2,TQKA2
4,3,10,1,0,0,A,TQKA2,44569TQQ,TQA2
4,1,11,1,0,0,2,TQA2,TQKA,44569TQQ
4,2,11,0,0,0,,44569TQQ,TQA2,TQKA
4,3,11,0,0,0,,TQKA,44569TQQ,TQA2
4,1,12,1,0,0,T,TQA2,QKA,44569TQQ
4,2,12,1,0,0,Q,44569TQQ,TA2,QKA
4,3,12,0,0,0,,QKA,44569TQQ,TA2
4,1,13,1,0,0,K,TA2,QA,44569TQQ
4,2,13,1,0,0,A,44569TQQ,T2,QA
4,3,13,0,0,0,,QA,44569TQQ,T2
4,1,14,0,0,0,,T2,QA,44569TQQ
4,2,14,1,0,0,T,44569TQQ,2,QA
4,3,14,1,0,0,Q,QA,44569TQ,2
5,1,1,2,0,0,56789TJQ,34467899TTQQQK22S,3579TJKAA22B,33445566788JJKKAA
5,2,1,0,0,0,,33445566788JJKKAA,34467899TTQQQK22S,3579TJKAA22B
5,3,1,0,0,0,,3579TJKAA22B,33445566788JJKKAA,34467899TTQQQK22S
5,1,2,1,0,0,3,34467899TTQQQK22S,579TJKAA22B,33445566788JJKKAA
5,2,2,1,0,0,2,33445566788JJKKAA,34467899TTQQQK2S,579TJKAA22B
5,3,2,0,0,0,,579TJKAA22B,33445566788JJKKAA,34467899TTQQQK2S
5,1,3,1,0,0,B,34467899TTQQQK2S,579TJKAA22,33445566788JJKKAA
5,2,3,0,0,0,,33445566788JJKKAA,34467899TTQQQK2S,579TJKAA22
5,3,3,0,0,0,,579TJKAA22,33445566788JJKKAA,34467899TTQQQK2S
5,1,4,1,0,0,5,34467899TTQQQK2S,79TJKAA22,33445566788JJKKAA
5,2,4,1,0,0,6,33445566788JJKKAA,3447899TTQQQK2S,79TJKAA22
5,3,4,1,0,0,J,79TJKAA22,33445566788JKKAA,3447899TTQQQK2S
5,1,5,1,0,0,K,3447899TTQQQK2S,79TJAA22,33445566788JKKAA
5,2,5,1,0,0,2,33445566788JKKAA,3447899TTQQQKS,79TJAA22
5,3,5,0,0,0,,79TJAA22,33445566788JKKAA,3447899TTQQQKS
5,1,6,0,0,0,,3447899TTQQQKS,79TJAA22,33445566788JKKAA
5,2,6,3,0,0,44,33445566788JKKAA,37899TTQQQKS,79TJAA22
5,3,6,3,0,0,55,79TJAA22,334466788JKKAA,37899TTQQQKS
5,1,7,3,0,0,AA,37899TTQQQKS,79TJ22,334466788JKKAA
5,2,7,0,0,0,,334466788JKKAA,37899TTQQQKS,79TJ22
5,3,7,0,0,0,,79TJ22,334466788JKKAA,37899TTQQQKS
5,1,8,1,0,0,7,37899TTQQQKS,9TJ22,334466788JKKAA
5,2,8,1,0,0,8,334466788JKKAA,3799TTQQQKS,9TJ22
5,3,8,1,0,0,J,9TJ22,334466788KKAA,3799TTQQQKS
5,1,9,1,0,0,2,3799TTQQQKS,9TJ2,334466788KKAA
5,2,9,1,0,0,S,334466788KKAA,3799TTQQQK,9TJ2
5,3,9,0,0,0,,9TJ2,334466788KKAA,3799TTQQQK
5,1,10,0,0,0,,3799TTQQQK,9TJ2,334466788KKAA
5,2,10,1,0,0,3,334466788KKAA,799TTQQQK,9TJ2
5,3,10,1,0,0,K,9TJ2,334466788KAA,799TTQQQK
5,1,11,1,0,0,2,799TTQQQK,9TJ,334466788KAA
5,2,11,0,0,0,,334466788KAA,799TTQQQK,9TJ
5,3,11,0,0,0,,9TJ,334466788KAA,799TTQQQK
5,1,12,1,0,0,9,799TTQQQK,TJ,334466788KAA
5,2,12,1,0,0,T,334466788KAA,799TQQQK,TJ
5,3,12,1,0,0,K,TJ,334466788AA,799TQQQK
5,1,13,0,0,0,,799TQQQK,TJ,334466788AA
5,2,13,0,0,0,,334466788AA,799TQQQK,TJ
5,3,13,3,0,0,33,TJ,4466788AA,799TQQQK
5,1,14,0,0,0,,799TQQQK,TJ,4466788AA
5,2,14,3,0,0,99,4466788AA,7TQQQK,TJ
5,3,14,3,0,0,AA,TJ,4466788,7TQQQK
5,1,15,0,0,0,,7TQQQK,TJ,4466788
5,2,15,0,0,0,,4466788,7TQQQK,TJ
5,3,15,3,0,0,44,TJ,66788,7TQQQK
5,1,16,0,0,0,,7TQQQK,TJ,66788
5,2,16,3,0,0,QQ,66788,7TQK,TJ
5,3,16,0,0,0,,TJ,66788,7TQK
5,1,17,0,0,0,,7TQK,TJ,66788
5,2,17,1,0,0,T,66788,7QK,TJ
5,3,17,0,0,0,,TJ,66788,7QK
5,1,18,1,0,0,J,7QK,T,66788
5,2,18,1,0,0,Q,66788,7K,T
5,3,18,0,0,0,,T,66788,7K
5,1,19,0,0,0,,7K,T,66788
5,2,19,1,0,0,K,66788,7,T
5,3,19,0,0,0,,T,66788,7
6,1,1,2,0,0,6789T,34456677788TJJKA2,34TTQQKKKA222SB,33455568999JJQQAA
6,2,1,0,0,0,,33455568999JJQQAA,34456677788TJJKA2,34TTQQKKKA222SB
6,3,1,0,0,0,,34TTQQKKKA222SB,33455568999JJQQAA,34456677788TJJKA2
6,1,2,8,1,1,3KKK,34456677788TJJKA2,4TTQQA222SB,33455568999JJQQAA
6,2,2,0,0,0,,33455568999JJQQAA,34456677788TJJKA2,4TTQQA222SB
6,3,2,0,0,0,,4TTQQA222SB,33455568999JJQQAA,34456677788TJJKA2
6,1,3,3,0,0,TT,34456677788TJJKA2,4QQA222SB,33455568999JJQQAA
6,2,3,3,0,0,JJ,33455568999JJQQAA,34456677788TKA2,4QQA222SB
6,3,3,3,0,0,QQ,4QQA222SB,33455568999JJAA,34456677788TKA2
6,1,4,3,0,0,22,34456677788TKA2,4QQA2SB,33455568999JJAA
6,2,4,0,0,0,,33455568999JJAA,34456677788TKA2,4QQA2SB
6,3,4,0,0,0,,4QQA2SB,33455568999JJAA,34456677788TKA2
6,1,5,3,0,0,QQ,34456677788TKA2,4A2SB,33455568999JJAA
6,2,5,0,0,0,,33455568999JJAA,34456677788TKA2,4A2SB
6,3,5,3,0,0,AA,4A2SB,33455568999JJ,34456677788TKA2
6,1,6,7,0,0,SB,34456677788TKA2,4A2,33455568999JJ
6,2,6,0,0,0,,33455568999JJ,34456677788TKA2,4A2
6,3,6,0,0,0,,4A2,33455568999JJ,34456677788TKA2
6,1,7,1,0,0,4,34456677788TKA2,A2,33455568999JJ
6,2,7,1,0,0,A,33455568999JJ,34456677788TK2,A2
6,3,7,0,0,0,,A2,33455568999JJ,34456677788TK2
6,1,8,1,0,0,2,34456677788TK2,A,33455568999JJ
7,1,1,2,0,0,3456789T,34566778889TTJJJA,5QQQKKAA22SB,334456799TJQKKA22
7,2,1,2,0,0,456789TJ,334456799TJQKKA22,36788TJJA,5QQQKKAA22SB
7,3,1,0,0,0,,5QQQKKAA22SB,334456799TJQKKA22,36788TJJA
7,1,2,7,0,0,SB,36788TJJA,5QQQKKAA22,334456799TJQKKA22
7,2,2,0,0,0,,334456799TJQKKA22,36788TJJA,5QQQKKAA22
7,3,2,0,0,0,,5QQQKKAA22,334456799TJQKKA22,36788TJJA
7,1,3,8,1,1,5QQQ,36788TJJA,KKAA22,334456799TJQKKA22
7,2,3,0,0,0,,334456799TJQKKA22,36788TJJA,KKAA22
7,3,3,0,0,0,,KKAA22,334456799TJQKKA22,36788TJJA
7,1,4,3,0,0,KK,36788TJJA,AA22,334456799TJQKKA22
7,2,4,0,0,0,,334456799TJQKKA22,36788TJJA,AA22
7,3,4,3,0,0,22,AA22,334456799TJQKKA,36788TJJA
7,1,5,0,0,0,,36788TJJA,AA22,334456799TJQKKA
7,2,5,0,0,0,,334456799TJQKKA,36788TJJA,AA22
7,3,5,2,0,0,34567,AA22,3499TJQKKA,36788TJJA
7,1,6,0,0,0,,36788TJJA,AA22,3499TJQKKA
7,2,6,0,0,0,,3499TJQKKA,36788TJJA,AA22
7,3,6,1,0,0,3,AA22,499TJQKKA,36788TJJA
7,1,7,1,0,0,A,36788TJJA,A22,499TJQKKA
7,2,7,0,0,0,,499TJQKKA,36788TJJA,A22
7,3,7,0,0,0,,A22,499TJQKKA,36788TJJA
7,1,8,1,0,0,A,36788TJJA,22,499TJQKKA
8,1,1,11,2,1,555566,34446789TTJQQKAAS,34788TTJJQKA2B,336778999JQKKA222
8,2,1,0,0,0,,336778999JQKKA222,34446789TTJQQKAAS,34788TTJJQKA2B
8,3,1,0,0,0,,34788TTJJQKA2B,336778999JQKKA222,34446789TTJQQKAAS
8,1,2,3,0,0,88,34446789TTJQQKAAS,347TTJJQKA2B,336778999JQKKA222
8,2,2,3,0,0,TT,336778999JQKKA222,34446789JQQKAAS,347TTJJQKA2B
8,3,2,3,0,0,22,347TTJJQKA2B,336778999JQKKA2,34446789JQQKAAS
8,1,3,0,0,0,,34446789JQQKAAS,347TTJJQKA2B,336778999JQKKA2
8,2,3,0,0,0,,336778999JQKKA2,34446789JQQKAAS,347TTJJQKA2B
8,3,3,1,0,0,2,347TTJJQKA2B,336778999JQKKA,34446789JQQKAAS
8,1,4,1,0,0,B,34446789JQQKAAS,347TTJJQKA2,336778999JQKKA
8,2,4,0,0,0,,336778999JQKKA,34446789JQQKAAS,347TTJJQKA2
8,3,4,0,0,0,,347TTJJQKA2,336778999JQKKA,34446789JQQKAAS
8,1,5,1,0,0,4,34446789JQQKAAS,37TTJJQKA2,336778999JQKKA
8,2,5,1,0,0,6,336778999JQKKA,3444789JQQKAAS,37TTJJQKA2
8,3,5,1,0,0,7,37TTJJQKA2,33678999JQKKA,3444789JQQKAAS
8,1,6,1,0,0,T,3444789JQQKAAS,37TJJQKA2,33678999JQKKA
8,2,6,1,0,0,A,33678999JQKKA,3444789JQQKAS,37TJJQKA2
8,3,6,0,0,0,,37TJJQKA2,33678999JQKKA,3444789JQQKAS
8,1,7,1,0,0,2,3444789JQQKAS,37TJJQKA,33678999JQKKA
8,2,7,1,0,0,S,33678999JQKKA,3444789JQQKA,37TJJQKA
8,3,7,0,0,0,,37TJJQKA,33678999JQKKA,3444789JQQKA
8,1,8,0,0,0,,3444789JQQKA,37TJJQKA,33678999JQKKA
8,2,8,8,1,1,3444,33678999JQKKA,789JQQKA,37TJJQKA
8,3,8,9,2,1,33999,37TJJQKA,678JQKKA,789JQQKA
8,1,9,0,0,0,,789JQQKA,37TJJQKA,678JQKKA
8,2,9,0,0,0,,678JQKKA,789JQQKA,37TJJQKA
8,3,9,1,0,0,K,37TJJQKA,678JQKA,789JQQKA
8,1,10,1,0,0,A,789JQQKA,37TJJQK,678JQKA
8,2,10,0,0,0,,678JQKA,789JQQKA,37TJJQK
8,3,10,0,0,0,,37TJJQK,678JQKA,789JQQKA
8,1,11,1,0,0,3,789JQQKA,7TJJQK,678JQKA
8,2,11,1,0,0,7,678JQKA,89JQQKA,7TJJQK
8,3,11,1,0,0,Q,7TJJQK,678JKA,89JQQKA
8,1,12,1,0,0,K,89JQQKA,7TJJQ,678JKA
8,2,12,1,0,0,A,678JKA,89JQQK,7TJJQ
8,3,12,0,0,0,,7TJJQ,678JKA,89JQQK
8,1,13,0,0,0,,89JQQK,7TJJQ,678JKA
8,2,13,1,0,0,8,678JKA,9JQQK,7TJJQ
8,3,13,1,0,0,J,7TJJQ,678KA,9JQQK
8,1,14,1,0,0,Q,9JQQK,7TJJ,678KA
8,2,14,1,0,0,K,678KA,9JQQ,7TJJ
8,3,14,1,0,0,A,7TJJ,678K,9JQQ
8,1,15,0,0,0,,9JQQ,7TJJ,678K
8,2,15,0,0,0,,678K,9JQQ,7TJJ
8,3,15,1,0,0,7,7TJJ,68K,9JQQ
8,1,16,1,0,0,T,9JQQ,7JJ,68K
8,2,16,1,0,0,J,68K,9QQ,7JJ
8,3,16,1,0,0,K,7JJ,68,9QQ
8,1,17,0,0,0,,9QQ,7JJ,68
8,2,17,0,0,0,,68,9QQ,7JJ
8,3,17,1,0,0,8,7JJ,6,9QQ
8,1,18,1,0,0,J,9QQ,7J,6
8,2,18,1,0,0,Q,6,9Q,7J
8,3,18,0,0,0,,7J,6,9Q
8,1,19,0,0,0,,9Q,7J,6
8,2,19,1,0,0,9,6,Q,7J
8,3,19,0,0,0,,7J,6,Q
9,1,1,2,0,0,456789TJQK,34566789TJQQQKK2B,457JJKA22S,33345678899TTAAA2
9,2,1,0,0,0,,33345678899TTAAA2,34566789TJQQQKK2B,457JJKA22S
9,3,1,0,0,0,,457JJKA22S,33345678899TTAAA2,34566789TJQQQKK2B
9,1,2,3,0,0,JJ,34566789TJQQQKK2B,457KA22S,33345678899TTAAA2
9,2,2,3,0,0,QQ,33345678899TTAAA2,34566789TJQKK2B,457KA22S
9,3,2,3,0,0,AA,457KA22S,33345678899TTA2,34566789TJQKK2B
9,1,3,3,0,0,22,34566789TJQKK2B,457KAS,33345678899TTA2
9,2,3,0,0,0,,33345678899TTA2,34566789TJQKK2B,457KAS
9,3,3,0,0,0,,457KAS,33345678899TTA2,34566789TJQKK2B
9,1,4,1,0,0,4,34566789TJQKK2B,57KAS,33345678899TTA2
9,2,4,1,0,0,5,33345678899TTA2,3466789TJQKK2B,57KAS
9,3,4,1,0,0,A,57KAS,33345678899TT2,3466789TJQKK2B
9,1,5,1,0,0,S,3466789TJQKK2B,57KA,33345678899TT2
9,2,5,1,0,0,B,33345678899TT2,3466789TJQKK2,57KA
9,3,5,0,0,0,,57KA,33345678899TT2,3466789TJQKK2
9,1,6,0,0,0,,3466789TJQKK2,57KA,33345678899TT2
9,2,6,1,0,0,3,33345678899TT2,466789TJQKK2,57KA
9,3,6,1,0,0,7,57KA,3334568899TT2,466789TJQKK2
9,1,7,1,0,0,K,466789TJQKK2,57A,3334568899TT2
9,2,7,1,0,0,2,3334568899TT2,466789TJQKK,57A
9,3,7,0,0,0,,57A,3334568899TT2,466789TJQKK
9,1,8,0,0,0,,466789TJQKK,57A,3334568899TT2
9,2,8,1,0,0,4,3334568899TT2,66789TJQKK,57A
9,3,8,1,0,0,8,57A,333456899TT2,66789TJQKK
9,1,9,1,0,0,A,66789TJQKK,57,333456899TT2
9,2,9,0,0,0,,333456899TT2,66789TJQKK,57
9,3,9,1,0,0,2,57,333456899TT,66789TJQKK
9,1,10,0,0,0,,66789TJQKK,57,333456899TT
9,2,10,0,0,0,,333456899TT,66789TJQKK,57
9,3,10,1,0,0,5,57,33346899TT,66789TJQKK
9,1,11,1,0,0,7,66789TJQKK,5,33346899TT
9,2,11,1,0,0,T,33346899TT,66789JQKK,5
9,3,11,0,0,0,,5,33346899TT,66789JQKK
9,1,12,0,0,0,,66789JQKK,5,33346899TT
9,2,12,3,0,0,66,33346899TT,789JQKK,5
9,3,12,3,0,0,99,5,333468TT,789JQKK
9,1,13,0,0,0,,789JQKK,5,333468TT
9,2,13,3,0,0,KK,333468TT,789JQ,5
9,3,13,0,0,0,,5,333468TT,789JQ
9,1,14,0,0,0,,789JQ,5,333468TT
9,2,14,1,0,0,7,333468TT,89JQ,5
9,3,14,1,0,0,8,5,33346TT,89JQ
9,1,15,0,0,0,,89JQ,5,33346TT
9,2,15,1,0,0,J,33346TT,89Q,5
9,3,15,0,0,0,,5,33346TT,89Q
9,1,16,0,0,0,,89Q,5,33346TT
9,2,16,1,0,0,8,33346TT,9Q,5
9,3,16,1,0,0,T,5,33346T,9Q
9,1,17,0,0,0,,9Q,5,33346T
9,2,17,1,0,0,Q,33346T,9,5
9,3,17,0,0,0,,5,33346T,9
10,1,1,2,0,0,3456789,44555667799JJKA2S,78TTQKKAA222B,33346889TTJJQQQKA
10,2,1,0,0,0,,33346889TTJJQQQKA,44555667799JJKA2S,78TTQKKAA222B
10,3,1,2,0,0,89TJQKA,78TTQKKAA222B,333468TJQQ,44555667799JJKA2S
10,1,2,0,0,0,,44555667799JJKA2S,78TTQKKAA222B,333468TJQQ
10,2,2,0,0,0,,333468TJQQ,44555667799JJKA2S,78TTQKKAA222B
10,3,2,8,1,1,3334,78TTQKKAA222B,68TJQQ,44555667799JJKA2S
10,1,3,9,2,1,TT222,44555667799JJKA2S,78QKKAAB,68TJQQ
10,2,3,0,0,0,,68TJQQ,44555667799JJKA2S,78QKKAAB
10,3,3,0,0,0,,78QKKAAB,68TJQQ,44555667799JJKA2S
10,1,4,1,0,0,7,44555667799JJKA2S,8QKKAAB,68TJQQ
10,2,4,1,0,0,A,68TJQQ,44555667799JJK2S,8QKKAAB
10,3,4,0,0,0,,8QKKAAB,68TJQQ,44555667799JJK2S
10,1,5,1,0,0,B,44555667799JJK2S,8QKKAA,68TJQQ
10,2,5,0,0,0,,68TJQQ,44555667799JJK2S,8QKKAA
10,3,5,0,0,0,,8QKKAA,68TJQQ,44555667799JJK2S
10,1,6,1,0,0,8,44555667799JJK2S,QKKAA,68TJQQ
10,2,6,1,0,0,K,68TJQQ,44555667799JJ2S,QKKAA
10,3,6,0,0,0,,QKKAA,68TJQQ,44555667799JJ2S
10,1,7,1,0,0,A,44555667799JJ2S,QKKA,68TJQQ
10,2,7,1,0,0,2,68TJQQ,44555667799JJS,QKKA
10,3,7,0,0,0,,QKKA,68TJQQ,44555667799JJS
10,1,8,0,0,0,,44555667799JJS,QKKA,68TJQQ
10,2,8,4,0,0,44556677,68TJQQ,599JJS,QKKA
10,3,8,0,0,0,,QKKA,68TJQQ,599JJS
10,1,9,0,0,0,,599JJS,QKKA,68TJQQ
10,2,9,1,0,0,5,68TJQQ,99JJS,QKKA
10,3,9,1,0,0,6,QKKA,8TJQQ,99JJS
10,1,10,1,0,0,Q,99JJS,KKA,8TJQQ
10,2,10,1,0,0,S,8TJQQ,99JJ,KKA
10,3,10,0,0,0,,KKA,8TJQQ,99JJ
10,1,11,0,0,0,,99JJ,KKA,8TJQQ
10,2,11,1,0,0,9,8TJQQ,9JJ,KKA
10,3,11,1,0,0,T,KKA,8JQQ,9JJ
10,1,12,1,0,0,K,9JJ,KA,8JQQ
10,2,12,0,0,0,,8JQQ,9JJ,KA
10,3,12,0,0,0,,KA,8JQQ,9JJ
10,1,13,1,0,0,K,9JJ,A,8JQQ
11,1,1,2,0,0,3456789TJQ,3334677888TTQQA22,5569KKA22B,4456799TJJJQKKAAS
11,2,1,0,0,0,,4456799TJJJQKKAAS,3334677888TTQQA22,5569KKA22B
11,3,1,0,0,0,,5569KKA22B,4456799TJJJQKKAAS,3334677888TTQQA22
11,1,2,3,0,0,55,3334677888TTQQA22,69KKA22B,4456799TJJJQKKAAS
11,2,2,3,0,0,77,4456799TJJJQKKAAS,33346888TTQQA22,69KKA22B
11,3,2,3,0,0,KK,69KKA22B,4456799TJJJQAAS,33346888TTQQA22
11,1,3,3,0,0,22,33346888TTQQA22,69KKAB,4456799TJJJQAAS
11,2,3,0,0,0,,4456799TJJJQAAS,33346888TTQQA22,69KKAB
11,3,3,0,0,0,,69KKAB,4456799TJJJQAAS,33346888TTQQA22
11,1,4,1,0,0,6,33346888TTQQA22,9KKAB,4456799TJJJQAAS
11,2,4,1,0,0,8,4456799TJJJQAAS,3334688TTQQA22,9KKAB
11,3,4,1,0,0,A,9KKAB,4456799TJJJQAS,3334688TTQQA22
11,1,5,1,0,0,B,3334688TTQQA22,9KKA,4456799TJJJQAS
11,2,5,0,0,0,,4456799TJJJQAS,3334688TTQQA22,9KKA
11,3,5,0,0,0,,9KKA,4456799TJJJQAS,3334688TTQQA22
11,1,6,1,0,0,9,3334688TTQQA22,KKA,4456799TJJJQAS
11,2,6,1,0,0,T,4456799TJJJQAS,3334688TQQA22,KKA
11,3,6,1,0,0,A,KKA,4456799TJJJQS,3334688TQQA22
11,1,7,0,0,0,,3334688TQQA22,KKA,4456799TJJJQS
11,2,7,1,0,0,2,4456799TJJJQS,3334688TQQA2,KKA
11,3,7,1,0,0,S,KKA,4456799TJJJQ,3334688TQQA2
11,1,8,0,0,0,,3334688TQQA2,KKA,4456799TJJJQ
11,2,8,0,0,0,,4456799TJJJQ,3334688TQQA2,KKA
11,3,8,9,2,1,44JJJ,KKA,56799TQ,3334688TQQA2
11,1,9,0,0,0,,3334688TQQA2,KKA,56799TQ
11,2,9,0,0,0,,56799TQ,3334688TQQA2,KKA
11,3,9,1,0,0,5,KKA,6799TQ,3334688TQQA2
11,1,10,1,0,0,K,3334688TQQA2,KA,6799TQ
11,2,10,1,0,0,A,6799TQ,3334688TQQ2,KA
11,3,10,0,0,0,,KA,6799TQ,3334688TQQ2
11,1,11,0,0,0,,3334688TQQ2,KA,6799TQ
11,2,11,8,1,1,3334,6799TQ,688TQQ2,KA
11,3,11,0,0,0,,KA,6799TQ,688TQQ2
11,1,12,0,0,0,,688TQQ2,KA,6799TQ
11,2,12,3,0,0,88,6799TQ,6TQQ2,KA
11,3,12,3,0,0,99,KA,67TQ,6TQQ2
11,1,13,0,0,0,,6TQQ2,KA,67TQ
11,2,13,3,0,0,QQ,67TQ,6T2,KA
11,3,13,0,0,0,,KA,67TQ,6T2
11,1,14,0,0,0,,6T2,KA,67TQ
11,2,14,1,0,0,6,67TQ,T2,KA
11,3,14,1,0,0,7,KA,6TQ,T2
11,1,15,1,0,0,K,T2,A,6TQ
11,2,15,1,0,0,2,6TQ,T,A
11,3,15,0,0,0,,A,6TQ,T
12,1,1,4,0,0,334455,3466889TTTJJKKAAA,3678899JQQ222S,45567779TJQQKKA2B
12,2,1,0,0,0,,45567779TJQQKKA2B,3466889TTTJJKKAAA,3678899JQQ222S
12,3,1,0,0,0,,3678899JQQ222S,45567779TJQQKKA2B,3466889TTTJJKKAAA
12,1,2,3,0,0,88,3466889TTTJJKKAAA,36799JQQ222S,45567779TJQQKKA2B
12,2,2,3,0,0,TT,45567779TJQQKKA2B,3466889TJJKKAAA,36799JQQ222S
12,3,2,3,0,0,QQ,36799JQQ222S,45567779TJKKA2B,3466889TJJKKAAA
12,1,3,3,0,0,22,3466889TJJKKAAA,36799JQQ2S,45567779TJKKA2B
12,2,3,0,0,0,,45567779TJKKA2B,3466889TJJKKAAA,36799JQQ2S
12,3,3,0,0,0,,36799JQQ2S,45567779TJKKA2B,3466889TJJKKAAA
12,1,4,3,0,0,99,3466889TJJKKAAA,367JQQ2S,45567779TJKKA2B
12,2,4,3,0,0,KK,45567779TJKKA2B,3466889TJJAAA,367JQQ2S
12,3,4,0,0,0,,367JQQ2S,45567779TJKKA2B,3466889TJJAAA
12,1,5,0,0,0,,3466889TJJAAA,367JQQ2S,45567779TJKKA2B
12,2,5,1,0,0,3,45567779TJKKA2B,466889TJJAAA,367JQQ2S
12,3,5,1,0,0,2,367JQQ2S,45567779TJKKAB,466889TJJAAA
12,1,6,1,0,0,S,466889TJJAAA,367JQQ2,45567779TJKKAB
12,2,6,0,0,0,,45567779TJKKAB,466889TJJAAA,367JQQ2
12,3,6,1,0,0,B,367JQQ2,45567779TJKKA,466889TJJAAA
12,1,7,0,0,0,,466889TJJAAA,367JQQ2,45567779TJKKA
12,2,7,0,0,0,,45567779TJKKA,466889TJJAAA,367JQQ2
12,3,7,3,0,0,55,367JQQ2,467779TJKKA,466889TJJAAA
12,1,8,3,0,0,QQ,466889TJJAAA,367J2,467779TJKKA
12,2,8,3,0,0,AA,467779TJKKA,466889TJJA,367J2
12,3,8,0,0,0,,367J2,467779TJKKA,466889TJJA
12,1,9,0,0,0,,466889TJJA,367J2,467779TJKKA
12,2,9,1,0,0,4,467779TJKKA,66889TJJA,367J2
12,3,9,1,0,0,J,367J2,467779TKKA,66889TJJA
12,1,10,1,0,0,2,66889TJJA,367J,467779TKKA
12,2,10,0,0,0,,467779TKKA,66889TJJA,367J
12,3,10,0,0,0,,367J,467779TKKA,66889TJJA
12,1,11,1,0,0,3,66889TJJA,67J,467779TKKA
12,2,11,1,0,0,6,467779TKKA,6889TJJA,67J
12,3,11,1,0,0,7,67J,46779TKKA,6889TJJA
12,1,12,1,0,0,J,6889TJJA,67,46779TKKA
12,2,12,1,0,0,A,46779TKKA,6889TJJ,67
12,3,12,0,0,0,,67,46779TKKA,6889TJJ
12,1,13,0,0,0,,6889TJJ,67,46779TKKA
12,2,13,1,0,0,6,46779TKKA,889TJJ,67
12,3,13,1,0,0,7,67,4679TKKA,889TJJ
12,1,14,0,0,0,,889TJJ,67,4679TKKA
12,2,14,1,0,0,8,4679TKKA,89TJJ,67
12,3,14,1,0,0,9,67,467TKKA,89TJJ
12,1,15,0,0,0,,89TJJ,67,467TKKA
12,2,15,1,0,0,T,467TKKA,89JJ,67
12,3,15,1,0,0,K,67,467TKA,89JJ
12,1,16,0,0,0,,89JJ,67,467TKA
12,2,16,0,0,0,,467TKA,89JJ,67
12,3,16,1,0,0,6,67,47TKA,89JJ
12,1,17,1,0,0,7,89JJ,6,47TKA
12,2,17,1,0,0,8,47TKA,9JJ,6
12,3,17,1,0,0,T,6,47KA,9JJ
12,1,18,0,0,0,,9JJ,6,47KA
12,2,18,1,0,0,J,47KA,9J,6
12,3,18,1,0,0,K,6,47A,9J
12,1,19,0,0,0,,9J,6,47A
12,2,19,0,0,0,,47A,9J,6
12,3,19,1,0,0,7,6,4A,9J
12,1,20,0,0,0,,9J,6,4A
12,2,20,1,0,0,9,4A,J,6
12,3,20,1,0,0,A,6,4,J
13,1,1,9,2,1,44666,3577889TTJJQKAA2S,5779TJQQQKAA222,333445568899TJKKB
13,2,1,0,0,0,,333445568899TJKKB,3577889TTJJQKAA2S,5779TJQQQKAA222
13,3,1,0,0,0,,5779TJQQQKAA222,333445568899TJKKB,3577889TTJJQKAA2S
13,1,2,1,0,0,2,3577889TTJJQKAA2S,5779TJQQQKAA22,333445568899TJKKB
13,2,2,1,0,0,S,333445568899TJKKB,3577889TTJJQKAA2,5779TJQQQKAA22
13,3,2,1,0,0,B,5779TJQQQKAA22,333445568899TJKK,3577889TTJJQKAA2
13,1,3,0,0,0,,3577889TTJJQKAA2,5779TJQQQKAA22,333445568899TJKK
13,2,3,0,0,0,,333445568899TJKK,3577889TTJJQKAA2,5779TJQQQKAA22
13,3,3,4,0,0,334455,5779TJQQQKAA22,368899TJKK,3577889TTJJQKAA2
13,1,4,0,0,0,,3577889TTJJQKAA2,5779TJQQQKAA22,368899TJKK
13,2,4,0,0,0,,368899TJKK,3577889TTJJQKAA2,5779TJQQQKAA22
13,3,4,3,0,0,KK,5779TJQQQKAA22,368899TJ,3577889TTJJQKAA2
13,1,5,3,0,0,AA,3577889TTJJQKAA2,5779TJQQQK22,368899TJ
13,2,5,0,0,0,,368899TJ,3577889TTJJQKAA2,5779TJQQQK22
13,3,5,0,0,0,,5779TJQQQK22,368899TJ,3577889TTJJQKAA2
13,1,6,3,0,0,77,3577889TTJJQKAA2,59TJQQQK22,368899TJ
13,2,6,3,0,0,AA,368899TJ,3577889TTJJQK2,59TJQQQK22
13,3,6,0,0,0,,59TJQQQK22,368899TJ,3577889TTJJQK2
13,1,7,3,0,0,22,3577889TTJJQK2,59TJQQQK,368899TJ
13,2,7,0,0,0,,368899TJ,3577889TTJJQK2,59TJQQQK
13,3,7,0,0,0,,59TJQQQK,368899TJ,3577889TTJJQK2
13,1,8,1,0,0,5,3577889TTJJQK2,9TJQQQK,368899TJ
13,2,8,1,0,0,Q,368899TJ,3577889TTJJK2,9TJQQQK
13,3,8,0,0,0,,9TJQQQK,368899TJ,3577889TTJJK2
13,1,9,1,0,0,K,3577889TTJJK2,9TJQQQ,368899TJ
13,2,9,1,0,0,2,368899TJ,3577889TTJJK,9TJQQQ
13,3,9,0,0,0,,9TJQQQ,368899TJ,3577889TTJJK
13,1,10,0,0,0,,3577889TTJJK,9TJQQQ,368899TJ
13,2,10,3,0,0,77,368899TJ,35889TTJJK,9TJQQQ
13,3,10,3,0,0,88,9TJQQQ,3699TJ,35889TTJJK
13,1,11,3,0,0,QQ,35889TTJJK,9TJQ,3699TJ
13,2,11,0,0,0,,3699TJ,35889TTJJK,9TJQ
13,3,11,0,0,0,,9TJQ,3699TJ,35889TTJJK
13,1,12,1,0,0,9,35889TTJJK,TJQ,3699TJ
13,2,12,1,0,0,J,3699TJ,35889TTJK,TJQ
13,3,12,0,0,0,,TJQ,3699TJ,35889TTJK
13,1,13,1,0,0,Q,35889TTJK,TJ,3699TJ
13,2,13,1,0,0,K,3699TJ,35889TTJ,TJ
13,3,13,0,0,0,,TJ,3699TJ,35889TTJ
13,1,14,0,0,0,,35889TTJ,TJ,3699TJ
13,2,14,1,0,0,3,3699TJ,5889TTJ,TJ
13,3,14,1,0,0,T,TJ,3699J,5889TTJ
13,1,15,1,0,0,J,5889TTJ,T,3699J
14,1,1,2,0,0,456789TJQK,3478899TTJQQKAAA2,5689QKKASB,33344556677TJJ222
14,2,1,0,0,0,,33344556677TJJ222,3478899TTJQQKAAA2,5689QKKASB
14,3,1,0,0,0,,5689QKKASB,33344556677TJJ222,3478899TTJQQKAAA2
14,1,2,1,0,0,5,3478899TTJQQKAAA2,689QKKASB,33344556677TJJ222
14,2,2,1,0,0,7,33344556677TJJ222,348899TTJQQKAAA2,689QKKASB
14,3,2,1,0,0,2,689QKKASB,33344556677TJJ22,348899TTJQQKAAA2
14,1,3,1,0,0,S,348899TTJQQKAAA2,689QKKAB,33344556677TJJ22
14,2,3,0,0,0,,33344556677TJJ22,348899TTJQQKAAA2,689QKKAB
14,3,3,0,0,0,,689QKKAB,33344556677TJJ22,348899TTJQQKAAA2
14,1,4,1,0,0,6,348899TTJQQKAAA2,89QKKAB,33344556677TJJ22
14,2,4,1,0,0,2,33344556677TJJ22,348899TTJQQKAAA,89QKKAB
14,3,4,0,0,0,,89QKKAB,33344556677TJJ22,348899TTJQQKAAA
14,1,5,1,0,0,B,348899TTJQQKAAA,89QKKA,33344556677TJJ22
14,2,5,0,0,0,,33344556677TJJ22,348899TTJQQKAAA,89QKKA
14,3,5,0,0,0,,89QKKA,33344556677TJJ22,348899TTJQQKAAA
14,1,6,1,0,0,8,348899TTJQQKAAA,9QKKA,33344556677TJJ22
14,2,6,1,0,0,9,33344556677TJJ22,34889TTJQQKAAA,9QKKA
14,3,6,1,0,0,T,9QKKA,33344556677JJ22,34889TTJQQKAAA
14,1,7,1,0,0,Q,34889TTJQQKAAA,9KKA,33344556677JJ22
14,2,7,1,0,0,K,33344556677JJ22,34889TTJQQAAA,9KKA
14,3,7,1,0,0,2,9KKA,33344556677JJ2,34889TTJQQAAA
14,1,8,0,0,0,,34889TTJQQAAA,9KKA,33344556677JJ2
14,2,8,0,0,0,,33344556677JJ2,34889TTJQQAAA,9KKA
14,3,8,4,0,0,3344556677,9KKA,3JJ2,34889TTJQQAAA
14,1,9,0,0,0,,34889TTJQQAAA,9KKA,3JJ2
14,2,9,0,0,0,,3JJ2,34889TTJQQAAA,9KKA
14,3,9,1,0,0,3,9KKA,JJ2,34889TTJQQAAA
14,1,10,1,0,0,9,34889TTJQQAAA,KKA,JJ2
14,2,10,1,0,0,T,JJ2,34889TJQQAAA,KKA
14,3,10,1,0,0,J,KKA,J2,34889TJQQAAA
14,1,11,1,0,0,K,34889TJQQAAA,KA,J2
14,2,11,1,0,0,A,J2,34889TJQQAA,KA
14,3,11,1,0,0,2,KA,J,34889TJQQAA
15,1,1,9,2,1,33355,344456677889TJQKA,46789JJQKKAA2SB,567899TTTJQQKA222
15,2,1,8,1,1,3444,567899TTTJQQKA222,56677889TJQKA,46789JJQKKAA2SB
15,3,1,8,1,1,5TTT,46789JJQKKAA2SB,67899JQQKA222,56677889TJQKA
15,1,2,7,0,0,SB,56677889TJQKA,46789JJQKKAA2,67899JQQKA222
15,2,2,0,0,0,,67899JQQKA222,56677889TJQKA,46789JJQKKAA2
15,3,2,0,0,0,,46789JJQKKAA2,67899JQQKA222,56677889TJQKA
15,1,3,1,0,0,8,56677889TJQKA,4679JJQKKAA2,67899JQQKA222
15,2,3,1,0,0,9,67899JQQKA222,5667788TJQKA,4679JJQKKAA2
15,3,3,1,0,0,A,4679JJQKKAA2,67899JQQK222,5667788TJQKA
15,1,4,1,0,0,2,5667788TJQKA,4679JJQKKAA,67899JQQK222
15,2,4,0,0,0,,67899JQQK222,5667788TJQKA,4679JJQKKAA
15,3,4,0,0,0,,4679JJQKKAA,67899JQQK222,5667788TJQKA
15,1,5,1,0,0,4,5667788TJQKA,679JJQKKAA,67899JQQK222
15,2,5,1,0,0,5,67899JQQK222,667788TJQKA,679JJQKKAA
15,3,5,1,0,0,K,679JJQKKAA,67899JQQ222,667788TJQKA
15,1,6,1,0,0,A,667788TJQKA,679JJQKKA,67899JQQ222
15,2,6,0,0,0,,67899JQQ222,667788TJQKA,679JJQKKA
15,3,6,1,0,0,2,679JJQKKA,67899JQQ22,667788TJQKA
15,1,7,0,0,0,,667788TJQKA,679JJQKKA,67899JQQ22
15,2,7,0,0,0,,67899JQQ22,667788TJQKA,679JJQKKA
15,3,7,3,0,0,QQ,679JJQKKA,67899J22,667788TJQKA
15,1,8,3,0,0,KK,667788TJQKA,679JJQA,67899J22
15,2,8,0,0,0,,67899J22,667788TJQKA,679JJQA
15,3,8,3,0,0,22,679JJQA,67899J,667788TJQKA
15,1,9,0,0,0,,667788TJQKA,679JJQA,67899J
15,2,9,0,0,0,,67899J,667788TJQKA,679JJQA
15,3,9,3,0,0,99,679JJQA,678J,667788TJQKA
15,1,10,3,0,0,JJ,667788TJQKA,679QA,678J
15,2,10,0,0,0,,678J,667788TJQKA,679QA
15,3,10,0,0,0,,679QA,678J,667788TJQKA
15,1,11,1,0,0,6,667788TJQKA,79QA,678J
15,2,11,1,0,0,Q,678J,667788TJKA,79QA
15,3,11,0,0,0,,79QA,678J,667788TJKA
15,1,12,1,0,0,A,667788TJKA,79Q,678J
15,2,12,0,0,0,,678J,667788TJKA,79Q
15,3,12,0,0,0,,79Q,678J,667788TJKA
15,1,13,1,0,0,7,667788TJKA,9Q,678J
15,2,13,1,0,0,J,678J,667788TKA,9Q
15,3,13,0,0,0,,9Q,678J,667788TKA
15,1,14,1,0,0,Q,667788TKA,9,678J
15,2,14,1,0,0,K,678J,667788TA,9
15,3,14,0,0,0,,9,678J,667788TA
15,1,15,0,0,0,,667788TA,9,678J
15,2,15,4,0,0,667788,678J,TA,9
15,3,15,0,0,0,,9,678J,TA
15,1,16,0,0,0,,TA,9,678J
15,2,16,1,0,0,T,678J,A,9
15,3,16,1,0,0,J,9,678,A
16,1,1,9,2,1,33666,34556789TTJQQKKA2,557888TJAAA22SB,344477999TJJQQKK2
16,2,1,0,0,0,,344477999TJJQQKK2,34556789TTJQQKKA2,557888TJAAA22SB
16,3,1,9,2,1,44999,557888TJAAA22SB,3477TJJQQKK2,34556789TTJQQKKA2
16,1,2,9,2,1,55AAA,34556789TTJQQKKA2,7888TJ22SB,3477TJJQQKK2
16,2,2,0,0,0,,3477TJJQQKK2,34556789TTJQQKKA2,7888TJ22SB
16,3,2,0,0,0,,7888TJ22SB,3477TJJQQKK2,34556789TTJQQKKA2
16,1,3,8,1,1,7888,34556789TTJQQKKA2,TJ22SB,3477TJJQQKK2
16,2,3,0,0,0,,3477TJJQQKK2,34556789TTJQQKKA2,TJ22SB
16,3,3,0,0,0,,TJ22SB,3477TJJQQKK2,34556789TTJQQKKA2
16,1,4,1,0,0,T,34556789TTJQQKKA2,J22SB,3477TJJQQKK2
16,2,4,1,0,0,2,3477TJJQQKK2,34556789TTJQQKKA,J22SB
16,3,4,0,0,0,,J22SB,3477TJJQQKK2,34556789TTJQQKKA
16,1,5,1,0,0,S,34556789TTJQQKKA,J22B,3477TJJQQKK2
16,2,5,0,0,0,,3477TJJQQKK2,34556789TTJQQKKA,J22B
16,3,5,0,0,0,,J22B,3477TJJQQKK2,34556789TTJQQKKA
16,1,6,3,0,0,22,34556789TTJQQKKA,JB,3477TJJQQKK2
16,2,6,0,0,0,,3477TJJQQKK2,34556789TTJQQKKA,JB
16,3,6,0,0,0,,JB,3477TJJQQKK2,34556789TTJQQKKA
16,1,7,1,0,0,J,34556789TTJQQKKA,B,3477TJJQQKK2
17,1,1,2,0,0,456789,334556678889JQQ22,79TTTJJKKAA2SB,33445679TJQQKKAA2
17,2,1,0,0,0,,33445679TJQQKKAA2,334556678889JQQ22,79TTTJJKKAA2SB
17,3,1,2,0,0,9TJQKA,79TTTJJKKAA2SB,3344567QKA2,334556678889JQQ22
17,1,2,7,0,0,SB,334556678889JQQ22,79TTTJJKKAA2,3344567QKA2
17,2,2,0,0,0,,3344567QKA2,334556678889JQQ22,79TTTJJKKAA2
17,3,2,0,0,0,,79TTTJJKKAA2,3344567QKA2,334556678889JQQ22
17,1,3,8,1,1,7TTT,334556678889JQQ22,9JJKKAA2,3344567QKA2
17,2,3,0,0,0,,3344567QKA2,334556678889JQQ22,9JJKKAA2
17,3,3,0,0,0,,9JJKKAA2,3344567QKA2,334556678889JQQ22
17,1,4,3,0,0,JJ,334556678889JQQ22,9KKAA2,3344567QKA2
17,2,4,3,0,0,QQ,3344567QKA2,334556678889J22,9KKAA2
17,3,4,0,0,0,,9KKAA2,3344567QKA2,334556678889J22
17,1,5,3,0,0,KK,334556678889J22,9AA2,3344567QKA2
17,2,5,3,0,0,22,3344567QKA2,334556678889J,9AA2
17,3,5,0,0,0,,9AA2,3344567QKA2,334556678889J
17,1,6,0,0,0,,334556678889J,9AA2,3344567QKA2
17,2,6,3,0,0,33,3344567QKA2,4556678889J,9AA2
17,3,6,3,0,0,44,9AA2,33567QKA2,4556678889J
17,1,7,3,0,0,AA,4556678889J,92,33567QKA2
17,2,7,0,0,0,,33567QKA2,4556678889J,92
17,3,7,0,0,0,,92,33567QKA2,4556678889J
17,1,8,1,0,0,9,4556678889J,2,33567QKA2
17,2,8,1,0,0,J,33567QKA2,4556678889,2
17,3,8,1,0,0,2,2,33567QKA,4556678889
17,1,9,0,0,0,,4556678889,2,33567QKA
17,2,9,0,0,0,,33567QKA,4556678889,2
17,3,9,3,0,0,33,2,567QKA,4556678889
17,1,10,0,0,0,,4556678889,2,567QKA
17,2,10,3,0,0,55,567QKA,46678889,2
17,3,10,0,0,0,,2,567QKA,46678889
17,1,11,0,0,0,,46678889,2,567QKA
17,2,11,3,0,0,66,567QKA,478889,2
17,3,11,0,0,0,,2,567QKA,478889
17,1,12,0,0,0,,478889,2,567QKA
17,2,12,8,1,1,4888,567QKA,79,2
17,3,12,0,0,0,,2,567QKA,79
17,1,13,0,0,0,,79,2,567QKA
18,1,1,4,0,0,778899,3344456778TJJJKAB,3459TJQKKA222S,35566689TTQQQKAA2
18,2,1,0,0,0,,35566689TTQQQKAA2,3344456778TJJJKAB,3459TJQKKA222S
18,3,1,0,0,0,,3459TJQKKA222S,35566689TTQQQKAA2,3344456778TJJJKAB
18,1,2,1,0,0,A,3344456778TJJJKAB,3459TJQKK222S,35566689TTQQQKAA2
18,2,2,1,0,0,B,35566689TTQQQKAA2,3344456778TJJJKA,3459TJQKK222S
18,3,2,0,0,0,,3459TJQKK222S,35566689TTQQQKAA2,3344456778TJJJKA
18,1,3,0,0,0,,3344456778TJJJKA,3459TJQKK222S,35566689TTQQQKAA2
18,2,3,9,2,1,33444,35566689TTQQQKAA2,56778TJJJKA,3459TJQKK222S
18,3,3,9,2,1,55666,3459TJQKK222S,389TTQQQKAA2,56778TJJJKA
18,1,4,8,1,1,3222,56778TJJJKA,459TJQKKS,389TTQQQKAA2
18,2,4,0,0,0,,389TTQQQKAA2,56778TJJJKA,459TJQKKS
18,3,4,0,0,0,,459TJQKKS,389TTQQQKAA2,56778TJJJKA
18,1,5,1,0,0,4,56778TJJJKA,59TJQKKS,389TTQQQKAA2
18,2,5,1,0,0,5,389TTQQQKAA2,6778TJJJKA,59TJQKKS
18,3,5,1,0,0,K,59TJQKKS,389TTQQQAA2,6778TJJJKA
18,1,6,1,0,0,S,6778TJJJKA,59TJQKK,389TTQQQAA2
18,2,6,0,0,0,,389TTQQQAA2,6778TJJJKA,59TJQKK
18,3,6,0,0,0,,59TJQKK,389TTQQQAA2,6778TJJJKA
18,1,7,1,0,0,5,6778TJJJKA,9TJQKK,389TTQQQAA2
18,2,7,1,0,0,6,389TTQQQAA2,778TJJJKA,9TJQKK
18,3,7,1,0,0,Q,9TJQKK,389TTQQAA2,778TJJJKA
18,1,8,1,0,0,K,778TJJJKA,9TJQK,389TTQQAA2
18,2,8,1,0,0,A,389TTQQAA2,778TJJJK,9TJQK
18,3,8,1,0,0,2,9TJQK,389TTQQAA,778TJJJK
18,1,9,0,0,0,,778TJJJK,9TJQK,389TTQQAA
18,2,9,0,0,0,,389TTQQAA,778TJJJK,9TJQK
18,3,9,1,0,0,Q,9TJQK,389TTQAA,778TJJJK
18,1,10,1,0,0,K,778TJJJK,9TJQ,389TTQAA
18,2,10,0,0,0,,389TTQAA,778TJJJK,9TJQ
18,3,10,1,0,0,A,9TJQ,389TTQA,778TJJJK
18,1,11,0,0,0,,778TJJJK,9TJQ,389TTQA
18,2,11,0,0,0,,389TTQA,778TJJJK,9TJQ
18,3,11,1,0,0,3,9TJQ,89TTQA,778TJJJK
18,1,12,1,0,0,9,778TJJJK,TJQ,89TTQA
18,2,12,1,0,0,T,89TTQA,778JJJK,TJQ
18,3,12,1,0,0,A,TJQ,89TTQ,778JJJK
18,1,13,0,0,0,,778JJJK,TJQ,89TTQ
18,2,13,0,0,0,,89TTQ,778JJJK,TJQ
18,3,13,1,0,0,T,TJQ,89TQ,778JJJK
18,1,14,1,0,0,J,778JJJK,TQ,89TQ
18,2,14,1,0,0,K,89TQ,778JJJ,TQ
18,3,14,0,0,0,,TQ,89TQ,778JJJ
18,1,15,0,0,0,,778JJJ,TQ,89TQ
18,2,15,1,0,0,7,89TQ,78JJJ,TQ
18,3,15,1,0,0,T,TQ,89Q,78JJJ
18,1,16,1,0,0,Q,78JJJ,T,89Q
19,1,1,9,2,1,44QQQ,33455677778TTKAA2,366889TKKAA22SB,345568999TJJJJQK2
19,2,1,7,0,0,7,345568999TJJJJQK2,3345567778TTKAA2,366889TKKAA22SB
19,3,1,7,0,0,J,366889TKKAA22SB,345568999TJJJQK2,3345567778TTKAA2
19,1,2,7,0,0,SB,3345567778TTKAA2,366889TKKAA22,345568999TJJJQK2
19,2,2,0,0,0,,345568999TJJJQK2,3345567778TTKAA2,366889TKKAA22
19,3,2,0,0,0,,366889TKKAA22,345568999TJJJQK2,3345567778TTKAA2
19,1,3,3,0,0,66,3345567778TTKAA2,3889TKKAA22,345568999TJJJQK2
19,2,3,3,0,0,77,345568999TJJJQK2,33455678TTKAA2,3889TKKAA22
19,3,3,3,0,0,99,3889TKKAA22,3455689TJJJQK2,33455678TTKAA2
19,1,4,3,0,0,KK,33455678TTKAA2,3889TAA22,3455689TJJJQK2
19,2,4,3,0,0,AA,3455689TJJJQK2,33455678TTK2,3889TAA22
19,3,4,0,0,0,,3889TAA22,3455689TJJJQK2,33455678TTK2
19,1,5,3,0,0,22,33455678TTK2,3889TAA,3455689TJJJQK2
19,2,5,0,0,0,,3455689TJJJQK2,33455678TTK2,3889TAA
19,3,5,0,0,0,,3889TAA,3455689TJJJQK2,33455678TTK2
19,1,6,3,0,0,88,33455678TTK2,39TAA,3455689TJJJQK2
19,2,6,3,0,0,TT,3455689TJJJQK2,33455678K2,39TAA
19,3,6,3,0,0,JJ,39TAA,3455689TJQK2,33455678K2
19,1,7,3,0,0,AA,33455678K2,39T,3455689TJQK2
19,2,7,0,0,0,,3455689TJQK2,33455678K2,39T
19,3,7,0,0,0,,39T,3455689TJQK2,33455678K2
19,1,8,1,0,0,3,33455678K2,9T,3455689TJQK2
19,2,8,1,0,0,4,3455689TJQK2,3355678K2,9T
19,3,8,1,0,0,9,9T,345568TJQK2,3355678K2
19,1,9,1,0,0,T,3355678K2,9,345568TJQK2
19,2,9,1,0,0,2,345568TJQK2,3355678K,9
19,3,9,0,0,0,,9,345568TJQK2,3355678K
19,1,10,0,0,0,,3355678K,9,345568TJQK2
19,2,10,3,0,0,33,345568TJQK2,55678K,9
19,3,10,3,0,0,55,9,3468TJQK2,55678K
19,1,11,0,0,0,,55678K,9,3468TJQK2
19,2,11,0,0,0,,3468TJQK2,55678K,9
19,3,11,1,0,0,K,9,3468TJQ2,55678K
19,1,12,0,0,0,,55678K,9,3468TJQ2
19,2,12,0,0,0,,3468TJQ2,55678K,9
19,3,12,1,0,0,2,9,3468TJQ,55678K
19,1,13,0,0,0,,55678K,9,3468TJQ
19,2,13,0,0,0,,3468TJQ,55678K,9
19,3,13,1,0,0,T,9,3468JQ,55678K
19,1,14,0,0,0,,55678K,9,3468JQ
19,2,14,1,0,0,K,3468JQ,55678,9
19,3,14,0,0,0,,9,3468JQ,55678
19,1,15,0,0,0,,55678,9,3468JQ
19,2,15,3,0,0,55,3468JQ,678,9
19,3,15,0,0,0,,9,3468JQ,678
19,1,16,0,0,0,,678,9,3468JQ
19,2,16,1,0,0,6,3468JQ,78,9
19,3,16,1,0,0,J,9,3468Q,78
19,1,17,0,0,0,,78,9,3468Q
19,2,17,0,0,0,,3468Q,78,9
19,3,17,1,0,0,Q,9,3468,78
19,1,18,0,0,0,,78,9,3468
20,1,1,2,0,0,56789TJ,44556677TJJQQQKK2,388TTAAAA222B,333445678999JQKKS
20,2,1,0,0,0,,333445678999JQKKS,44556677TJJQQQKK2,388TTAAAA222B
20,3,1,0,0,0,,388TTAAAA222B,333445678999JQKKS,44556677TJJQQQKK2
20,1,2,3,0,0,88,44556677TJJQQQKK2,3TTAAAA222B,333445678999JQKKS
20,2,2,3,0,0,KK,333445678999JQKKS,44556677TJJQQQ2,3TTAAAA222B
20,3,2,0,0,0,,3TTAAAA222B,333445678999JQKKS,44556677TJJQQQ2
20,1,3,3,0,0,AA,44556677TJJQQQ2,3TTAA222B,333445678999JQKKS
20,2,3,0,0,0,,333445678999JQKKS,44556677TJJQQQ2,3TTAA222B
20,3,3,0,0,0,,3TTAA222B,333445678999JQKKS,44556677TJJQQQ2
20,1,4,8,1,1,3222,44556677TJJQQQ2,TTAAB,333445678999JQKKS
20,2,4,0,0,0,,333445678999JQKKS,44556677TJJQQQ2,TTAAB
20,3,4,0,0,0,,TTAAB,333445678999JQKKS,44556677TJJQQQ2
20,1,5,3,0,0,TT,44556677TJJQQQ2,AAB,333445678999JQKKS
20,2,5,3,0,0,JJ,333445678999JQKKS,44556677TQQQ2,AAB
20,3,5,3,0,0,KK,AAB,333445678999JQS,44556677TQQQ2
20,1,6,3,0,0,AA,44556677TQQQ2,B,333445678999JQS
